ps2-0100jd-20000117.bin	32f2e4d5ff5ee11072a6bc45530f5765	DTL-H10000
ps2-0100j-20000117.bin	acf4730ceb38ac9d8c7d8e21f2614600	SCPH-10000 (NTSC-J)
ps2-0101jd-20000217.bin	acf9968c8f596d2b15f42272082513d1	DTL-H10000
ps2-0101j-20000217.bin	b1459d7446c69e3e97e6ace3ae23dd1c	SCPH-10000/SCPH-15000 (NTSC-J)
ps2-0101xd-20000224.bin	d3f1853a16c2ec18f3cd1ae655213308	DTL-H10000
ps2-0110ad-20000727.bin	63e6fd9b3c72e0d7b920e80cf76645cd	DTL-H30001
ps2-0110a-20000727.bin	a20c97c02210f16678ca3010127caf36	SCPH-30001 (NTSC-U/C)
ps2-0120a-20000902.bin	8db2fbbac7413bf3e7154c1e0715e565	SCPH-30001 (NTSC-U/C)
ps2-0120ed-20000902.bin	91c87cb2f2eb6ce529a2360f80ce2457	DTL-H30002
ps2-0120ed-20000902-20030110.bin	3016b3dd42148a67e2c048595ca4d7ce	DTL-H30102
ps2-0120e-20000902.bin	b7fa11e87d51752a98b38e3e691cbf17	SCPH-30002/SCPH-30003/SCPH-30004 (PAL-E)
ps2-0120j-20001027-185015.bin	f63bc530bd7ad7c026fcd6f7bd0d9525	SCPH-18000 (GH-003) (NTSC-J)
ps2-0120j-20001027-191435.bin	cee06bd68c333fc5768244eae77e4495	SCPH-18000 (GH-008) (NTSC-J)
ps2-0150ad-20001228-20030520.bin	0bf988e9c7aaa4c051805b0fa6eb3387	DTL-H30101
ps2-0150a-20001228.bin	8accc3c49ac45f5ae2c5db0adc854633	SCPH-30001/SCPH-35001 (NTSC-U/C)
ps2-0150ed-20001228-20030520.bin	6f9a6feb749f0533aaae2cc45090b0ed	DTL-H30102
ps2-0150e-20001228.bin	838544f12de9b0abc90811279ee223c8	SCPH-30002/SCPH-30003/SCPH-30004/SCPH-35002/SCPH-35003/SCPH-35004 (PAL-E)
ps2-0150jd-20010118.bin	bb6bbc850458fff08af30e969ffd0175	DTL-H30000
ps2-0150j-20010118.bin	815ac991d8bc3b364696bead3457de7d	SCPH-30000/SCPH-35000 (NTSC-J)
ps2-0160a-20010427.bin	b107b5710042abe887c0f6175f6e94bb	SCPH-30001R (NTSC-U/C)
ps2-0160j-20010427.bin	ab55cceea548303c22c72570cfd4dd71	SCPH-30000 (NTSC-J)
ps2-0160a-20010704.bin	18bcaadb9ff74ed3add26cdf709fff2e	SCPH-30001R (NTSC-U/C)
ps2-0160e-20010704.bin	491209dd815ceee9de02dbbc408c06d6	SCPH-30002R/SCPH-30003R/SCPH-30004R (PAL-E)
ps2-0160a-20011004.bin	7200a03d51cacc4c14fcdfdbc4898431	SCPH-30001R (NTSC-U/C)
ps2-0160e-20011004.bin	8359638e857c8bc18c3c18ac17d9cc3c	SCPH-30002R/SCPH-30003R/SCPH-30004R (PAL-E)
ps2-0160h-20010730.bin	352d2ff9b3f68be7e6fa7e6dd8389346	SCPH-30005R/SCPH-30006R/SCPH-30007R (NTSC-J)
ps2-0160a-20020207.bin	d5ce2c7d119f563ce04bc04dbc3a323e	SCPH-39001 (NTSC-U)
ps2-0160e-20020319.bin	0d2228e6fd4fb639c9c39d077a9ec10c	SCPH-39002/SCPH-39003/SCPH-39004 (PAL-E)
ps2-0160j-20020426.bin	72da56fccb8fcd77bba16d1b6f479914	SCPH-37000/SCPH-39000 (NTSC-J)
ps2-0160e-20020426.bin	5b1f47fbeb277c6be2fccdd6344ff2fd	SCPH-39008 (PAL-E)
ps2-0160h-20020426.bin	315a4003535dfda689752cb25f24785c	SCPH-39005/SCPH-39006/SCPH-39007 (NTSC-J)
ps2-0170j-20030206.bin	312ad4816c232a9606e56f946bc0678a	SCPH-50000/SCPH-55000 (NTSC-J)
ps2-0170ed-20030227.bin	666018ffec65c5c7e04796081295c6c7	DTL-H50002
ps2-0170e-20030227.bin	6e69920fa6eef8522a1d688a11e41bc6	SCPH-50002/SCPH-50003/SCPH-50004 (PAL-E)
ps2-0170ad-20030325.bin	eb960de68f0c0f7f9fa083e9f79d0360	DTL-H50001
ps2-0170a-20030325.bin	8aa12ce243210128c5074552d3b86251	SCPH-50001 (NTSC-U/C)
ps2-0180cd-20030224.bin	240d4c5ddd4b54069bdc4a3cd2faf99d	DTL-H50009
ps2-0180j-20031028.bin	1c6cd089e6c83da618fbf2a081eb4888	DESR-5000/DESR-5100/DESR-7000/DESR-7100 (PSX console) (NTSC-J)
ps2-0190j-20030623.bin	463d87789c555a4a7604e97d7db545d1	SCPH-55000 (NTSC-J)
ps2-0190a-20030623.bin	35461cecaa51712b300b2d6798825048	SCPH-50001/SCPH-50010 (NTSC-U/C)
ps2-0190e-20030623.bin	bd6415094e1ce9e05daabe85de807666	SCPH-50002/SCPH-50003/SCPH-50004 (PAL-E)
ps2-0190h-20030623.bin	2e70ad008d4ec8549aada8002fdf42fb	SCPH-50005/SCPH-50006/SCPH-50007 (NTSC-J)
ps2-0190r-20030623.bin	b53d51edc7fc086685e31b811dc32aad	SCPH-50008 (PAL-E)
ps2-0190c-20030623.bin	1b6e631b536247756287b916f9396872	SCPH-50009 (NTSC-J)
ps2-0190j-20030822.bin	00da1b177096cfd2532c8fa22b43e667	SCPH-50000 (NTSC-J)
ps2-0190e-20030822.bin	afde410bd026c16be605a1ae4bd651fd	SCPH-50004 (PAL-E)
ps2-0190a-20040329.bin	81f4336c1de607dd0865011c0447052e	SCPH-50011 (NTSC-U/C)
ps2-0200j-20040614.bin	0eee5d1c779aa50e94edd168b4ebf42e	SCPH-70000 (NTSC-J)
ps2-0200a-20040614.bin	d333558cc14561c1fdc334c75d5f37b7	SCPH-70001/SCPH-70011/SCPH-70012 (NTSC-U/C)
ps2-0200e-20040614.bin	dc752f160044f2ed5fc1f4964db2a095	SCPH-70002/SCPH-70003/SCPH-70004/SCPH-70008 (PAL-E)
ps2-0200ed-20040614.bin	63ead1d74893bf7f36880af81f68a82d	DTL-H70002
ps2-0200h-20040614.bin	3e3e030c0f600442fa05b94f87a1e238	SCPH-70005/SCPH-70006/SCPH-70007 (NTSC-J)
ps2-0210j-20040917.bin	1ad977bb539fc9448a08ab276a836bbc	DESR-5500/DESR-5700/DESR-7500/DESR-7700 (PSX console) (NTSC-J)
ps2-0220j-20050620.bin	eb4f40fcf4911ede39c1bbfe91e7a89a	SCPH-75000 (NTSC-J)
ps2-0220ad-20050620.bin	9959ad7a8685cad66206e7752ca23f8b	DTL-H75000A
ps2-0220a-20050620.bin	929a14baca1776b00869f983aa6e14d2	SCPH-75001/SCPH-75010 (NTSC-U/C)
ps2-0220e-20050620.bin	573f7d4a430c32b3cc0fd0c41e104bbd	SCPH-75002/SCPH-75003/SCPH-75004/SCPH-75008 (PAL-E)
ps2-0220h-20050620.bin	df63a604e8bff5b0599bd1a6c2721bd0	SCPH-75006 (NTSC-J)
ps2-0220j-20060210.bin	5b1ba4bb914406fae75ab8e38901684d	SCPH-77000 (NTSC-J)
ps2-0220a-20060210.bin	cb801b7920a7d536ba07b6534d2433ca	SCPH-77001/SCPH-77010 (NTSC-U/C)
ps2-0220e-20060210.bin	af60e6d1a939019d55e5b330d24b1c25	SCPH-77002/SCPH-77003/SCPH-77004/SCPH-77008 (PAL-E)
ps2-0220h-20060210.bin	549a66d0c698635ca9fa3ab012da7129	SCPH-77006/SCPH-77007 (NTSC-J)
ps2-0220j-20060905.bin	5de9d0d730ff1e7ad122806335332524	SCPH-79000/SCPH-90000 (NTSC-J)
ps2-0220ad-20060905.bin	21fe4cad111f7dc0f9af29477057f88d	DTL-H90000
ps2-0220a-20060905.bin	40c11c063b3b9409aa5e4058e984e30c	SCPH-79001/SCPH-79010/SCPH-90001 (NTSC-U/C)
ps2-0220e-20060905.bin	80bbb237a6af9c611df43b16b930b683	SCPH-79002/SCPH-79003/SCPH-79004/SCPH-79008/SCPH-90002/SCPH-90003/SCPH-90004 (PAL-E)
ps2-0220h-20060905.bin	c37bce95d32b2be480f87dd32704e664	SCPH-79006/SCPH-79007/SCPH-90006/SCPH-90007 (NTSC-J)
ps2-0230j-20080220.bin	80ac46fa7e77b8ab4366e86948e54f83	SCPH-90000 (NTSC-J)
ps2-0230a-20080220.bin	21038400dc633070a78ad53090c53017	SCPH-90001/SCPH-90010 (NTSC-U/C)
ps2-0230e-20080220.bin	dc69f0643a3030aaa4797501b483d6c4	SCPH-90002/SCPH-90003/SCPH-90004/SCPH-90008 (PAL-E)
ps2-0230h-20080220.bin	30d56e79d89fbddf10938fa67fe3f34e	SCPH-90005/SCPH-90006/SCPH-90007 (NTSC-J)
ps2-0250e-20100415.bin	93ea3bcee4252627919175ff1b16a1d9	KDL-22PX300 (Sony Bravia TV) Europe model (PAL-E)
ps2-0250j-20100415.bin	d3e81e95db25f5a86a7b7474550a2155	KDL-22PX300 (Sony Bravia TV) (NTSC-J)
